5	299	2000000	8	8	8	8	8
8464	44188	92614	277666	621628	1155312	3877722	10045529	8464	44188	92614	277666	621628	1155312	3877722	10045529	8464	44188	92614	277666	621628	1155312	3877722	10045529	8464	44188	92614	277666	621628	1155312	3877722	10045529	8464	44188	92614	277666	621628	1155312	3877722	10045529
14100	71941	164406	458853	1053906	2333471	4357118	10325255	14100	71941	164406	458853	1053906	2333471	4357118	10325255	14100	71941	164406	458853	1053906	2333471	4357118	10325255	14100	71941	164406	458853	1053906	2333471	4357118	10325255	14100	71941	164406	458853	1053906	2333471	4357118	10325255
18769	68630	119945	291975	610009	899832	2035772	6038935	18769	68630	119945	291975	610009	899832	2035772	6038935	18769	68630	119945	291975	610009	899832	2035772	6038935	18769	68630	119945	291975	610009	899832	2035772	6038935	18769	68630	119945	291975	610009	899832	2035772	6038935
25948	102635	183564	464871	991229	1591937	3625951	8612272	25948	102635	183564	464871	991229	1591937	3625951	8612272	25948	102635	183564	464871	991229	1591937	3625951	8612272	25948	102635	183564	464871	991229	1591937	3625951	8612272	25948	102635	183564	464871	991229	1591937	3625951	8612272
16880	69256	122079	333329	713021	1119162	2734046	6813868	16880	69256	122079	333329	713021	1119162	2734046	6813868	16880	69256	122079	333329	713021	1119162	2734046	6813868	16880	69256	122079	333329	713021	1119162	2734046	6813868	16880	69256	122079	333329	713021	1119162	2734046	6813868
17019	65278	116780	288844	603530	947640	2334967	6291748	17019	65278	116780	288844	603530	947640	2334967	6291748	17019	65278	116780	288844	603530	947640	2334967	6291748	17019	65278	116780	288844	603530	947640	2334967	6291748	17019	65278	116780	288844	603530	947640	2334967	6291748
27342	106565	184490	464716	941927	1461984	3298769	7922196	27342	106565	184490	464716	941927	1461984	3298769	7922196	27342	106565	184490	464716	941927	1461984	3298769	7922196	27342	106565	184490	464716	941927	1461984	3298769	7922196	27342	106565	184490	464716	941927	1461984	3298769	7922196
39058	145445	248331	586090	1168865	1806894	3958772	9158210	39058	145445	248331	586090	1168865	1806894	3958772	9158210	39058	145445	248331	586090	1168865	1806894	3958772	9158210	39058	145445	248331	586090	1168865	1806894	3958772	9158210	39058	145445	248331	586090	1168865	1806894	3958772	9158210
50378	190379	327002	758708	1463631	2283973	4698831	10419557	50378	190379	327002	758708	1463631	2283973	4698831	10419557	50378	190379	327002	758708	1463631	2283973	4698831	10419557	50378	190379	327002	758708	1463631	2283973	4698831	10419557	50378	190379	327002	758708	1463631	2283973	4698831	10419557
55591	239287	420799	974762	1846879	2669616	5219344	10787816	55591	239287	420799	974762	1846879	2669616	5219344	10787816	55591	239287	420799	974762	1846879	2669616	5219344	10787816	55591	239287	420799	974762	1846879	2669616	5219344	10787816	55591	239287	420799	974762	1846879	2669616	5219344	10787816
23919	90530	153805	398007	806836	1230841	2951505	7414759	23919	90530	153805	398007	806836	1230841	2951505	7414759	23919	90530	153805	398007	806836	1230841	2951505	7414759	23919	90530	153805	398007	806836	1230841	2951505	7414759	23919	90530	153805	398007	806836	1230841	2951505	7414759
26077	95987	165915	439849	900677	1361917	3225173	7566677	26077	95987	165915	439849	900677	1361917	3225173	7566677	26077	95987	165915	439849	900677	1361917	3225173	7566677	26077	95987	165915	439849	900677	1361917	3225173	7566677	26077	95987	165915	439849	900677	1361917	3225173	7566677
28628	114541	195398	499569	1020580	1585188	3509134	8047930	28628	114541	195398	499569	1020580	1585188	3509134	8047930	28628	114541	195398	499569	1020580	1585188	3509134	8047930	28628	114541	195398	499569	1020580	1585188	3509134	8047930	28628	114541	195398	499569	1020580	1585188	3509134	8047930
24589	144865	248607	717373	1660786	2997347	5534828	11383189	24589	144865	248607	717373	1660786	2997347	5534828	11383189	24589	144865	248607	717373	1660786	2997347	5534828	11383189	24589	144865	248607	717373	1660786	2997347	5534828	11383189	24589	144865	248607	717373	1660786	2997347	5534828	11383189
20472	75932	141852	352020	767691	1273369	2882991	7039276	20472	75932	141852	352020	767691	1273369	2882991	7039276	20472	75932	141852	352020	767691	1273369	2882991	7039276	20472	75932	141852	352020	767691	1273369	2882991	7039276	20472	75932	141852	352020	767691	1273369	2882991	7039276
20556	79667	162152	380285	841885	1543739	2933941	6900124	20556	79667	162152	380285	841885	1543739	2933941	6900124	20556	79667	162152	380285	841885	1543739	2933941	6900124	20556	79667	162152	380285	841885	1543739	2933941	6900124	20556	79667	162152	380285	841885	1543739	2933941	6900124
20505	85385	188129	505022	1271027	2661493	4407930	8771508	20505	85385	188129	505022	1271027	2661493	4407930	8771508	20505	85385	188129	505022	1271027	2661493	4407930	8771508	20505	85385	188129	505022	1271027	2661493	4407930	8771508	20505	85385	188129	505022	1271027	2661493	4407930	8771508
38794	152390	281780	692719	1488210	2535610	4898622	10297387	38794	152390	281780	692719	1488210	2535610	4898622	10297387	38794	152390	281780	692719	1488210	2535610	4898622	10297387	38794	152390	281780	692719	1488210	2535610	4898622	10297387	38794	152390	281780	692719	1488210	2535610	4898622	10297387
29282	96385	178895	468340	1042690	2183877	4278967	9238111	29282	96385	178895	468340	1042690	2183877	4278967	9238111	29282	96385	178895	468340	1042690	2183877	4278967	9238111	29282	96385	178895	468340	1042690	2183877	4278967	9238111	29282	96385	178895	468340	1042690	2183877	4278967	9238111
16388	64834	128178	299502	642871	1137787	2184867	4751438	16388	64834	128178	299502	642871	1137787	2184867	4751438	16388	64834	128178	299502	642871	1137787	2184867	4751438	16388	64834	128178	299502	642871	1137787	2184867	4751438	16388	64834	128178	299502	642871	1137787	2184867	4751438
26424	104430	195247	485601	1044686	1778745	3604883	8162761	26424	104430	195247	485601	1044686	1778745	3604883	8162761	26424	104430	195247	485601	1044686	1778745	3604883	8162761	26424	104430	195247	485601	1044686	1778745	3604883	8162761	26424	104430	195247	485601	1044686	1778745	3604883	8162761
17069	65298	117693	308876	679297	1104987	2682645	7011452	17069	65298	117693	308876	679297	1104987	2682645	7011452	17069	65298	117693	308876	679297	1104987	2682645	7011452	17069	65298	117693	308876	679297	1104987	2682645	7011452	17069	65298	117693	308876	679297	1104987	2682645	7011452
17007	74313	124158	336822	723083	1131401	2760096	7154672	17007	74313	124158	336822	723083	1131401	2760096	7154672	17007	74313	124158	336822	723083	1131401	2760096	7154672	17007	74313	124158	336822	723083	1131401	2760096	7154672	17007	74313	124158	336822	723083	1131401	2760096	7154672
15566	65938	114470	324663	695886	1084868	2700027	7025181	15566	65938	114470	324663	695886	1084868	2700027	7025181	15566	65938	114470	324663	695886	1084868	2700027	7025181	15566	65938	114470	324663	695886	1084868	2700027	7025181	15566	65938	114470	324663	695886	1084868	2700027	7025181
41161	216392	428771	1292273	3010751	5592580	10069785	18361244	41161	216392	428771	1292273	3010751	5592580	10069785	18361244	41161	216392	428771	1292273	3010751	5592580	10069785	18361244	41161	216392	428771	1292273	3010751	5592580	10069785	18361244	41161	216392	428771	1292273	3010751	5592580	10069785	18361244
18560	73883	133709	355126	756871	1201705	2834927	7232499	18560	73883	133709	355126	756871	1201705	2834927	7232499	18560	73883	133709	355126	756871	1201705	2834927	7232499	18560	73883	133709	355126	756871	1201705	2834927	7232499	18560	73883	133709	355126	756871	1201705	2834927	7232499
42143	214915	421744	1157431	2444859	4091757	7385745	13659287	42143	214915	421744	1157431	2444859	4091757	7385745	13659287	42143	214915	421744	1157431	2444859	4091757	7385745	13659287	42143	214915	421744	1157431	2444859	4091757	7385745	13659287	42143	214915	421744	1157431	2444859	4091757	7385745	13659287
48687	190711	338841	856758	1730495	2789819	5584292	10942084	48687	190711	338841	856758	1730495	2789819	5584292	10942084	48687	190711	338841	856758	1730495	2789819	5584292	10942084	48687	190711	338841	856758	1730495	2789819	5584292	10942084	48687	190711	338841	856758	1730495	2789819	5584292	10942084
44822	189927	303485	727828	1426969	2273288	4634486	9482248	44822	189927	303485	727828	1426969	2273288	4634486	9482248	44822	189927	303485	727828	1426969	2273288	4634486	9482248	44822	189927	303485	727828	1426969	2273288	4634486	9482248	44822	189927	303485	727828	1426969	2273288	4634486	9482248
41485	166210	277384	649476	1276777	2018211	4118708	8594966	41485	166210	277384	649476	1276777	2018211	4118708	8594966	41485	166210	277384	649476	1276777	2018211	4118708	8594966	41485	166210	277384	649476	1276777	2018211	4118708	8594966	41485	166210	277384	649476	1276777	2018211	4118708	8594966
21705	81059	144412	363560	779656	1332952	2917761	7242311	21705	81059	144412	363560	779656	1332952	2917761	7242311	21705	81059	144412	363560	779656	1332952	2917761	7242311	21705	81059	144412	363560	779656	1332952	2917761	7242311	21705	81059	144412	363560	779656	1332952	2917761	7242311
38782	143708	254771	624713	1260323	1986896	3957459	8995563	38782	143708	254771	624713	1260323	1986896	3957459	8995563	38782	143708	254771	624713	1260323	1986896	3957459	8995563	38782	143708	254771	624713	1260323	1986896	3957459	8995563	38782	143708	254771	624713	1260323	1986896	3957459	8995563
27761	110189	197965	466266	927141	1463524	2847786	6265734	27761	110189	197965	466266	927141	1463524	2847786	6265734	27761	110189	197965	466266	927141	1463524	2847786	6265734	27761	110189	197965	466266	927141	1463524	2847786	6265734	27761	110189	197965	466266	927141	1463524	2847786	6265734
23848	91881	159030	405375	871003	1472773	3126000	7052968	23848	91881	159030	405375	871003	1472773	3126000	7052968	23848	91881	159030	405375	871003	1472773	3126000	7052968	23848	91881	159030	405375	871003	1472773	3126000	7052968	23848	91881	159030	405375	871003	1472773	3126000	7052968
35203	147441	273915	701058	1517980	2682988	5005672	10132951	35203	147441	273915	701058	1517980	2682988	5005672	10132951	35203	147441	273915	701058	1517980	2682988	5005672	10132951	35203	147441	273915	701058	1517980	2682988	5005672	10132951	35203	147441	273915	701058	1517980	2682988	5005672	10132951
34835	191951	399955	1202756	2775002	5143197	9290160	17260006	34835	191951	399955	1202756	2775002	5143197	9290160	17260006	34835	191951	399955	1202756	2775002	5143197	9290160	17260006	34835	191951	399955	1202756	2775002	5143197	9290160	17260006	34835	191951	399955	1202756	2775002	5143197	9290160	17260006
27729	114988	221665	547695	1159337	1889623	3533442	7759825	27729	114988	221665	547695	1159337	1889623	3533442	7759825	27729	114988	221665	547695	1159337	1889623	3533442	7759825	27729	114988	221665	547695	1159337	1889623	3533442	7759825	27729	114988	221665	547695	1159337	1889623	3533442	7759825
23969	90171	156167	399803	861262	1422121	3125070	7283751	23969	90171	156167	399803	861262	1422121	3125070	7283751	23969	90171	156167	399803	861262	1422121	3125070	7283751	23969	90171	156167	399803	861262	1422121	3125070	7283751	23969	90171	156167	399803	861262	1422121	3125070	7283751
23523	89827	158643	380452	746412	1155595	2370291	5342746	23523	89827	158643	380452	746412	1155595	2370291	5342746	23523	89827	158643	380452	746412	1155595	2370291	5342746	23523	89827	158643	380452	746412	1155595	2370291	5342746	23523	89827	158643	380452	746412	1155595	2370291	5342746
26377	106617	193094	501127	1082667	1764404	3583862	7929987	26377	106617	193094	501127	1082667	1764404	3583862	7929987	26377	106617	193094	501127	1082667	1764404	3583862	7929987	26377	106617	193094	501127	1082667	1764404	3583862	7929987	26377	106617	193094	501127	1082667	1764404	3583862	7929987
20550	84241	150863	430807	972727	1656278	3726538	8882483	20550	84241	150863	430807	972727	1656278	3726538	8882483	20550	84241	150863	430807	972727	1656278	3726538	8882483	20550	84241	150863	430807	972727	1656278	3726538	8882483	20550	84241	150863	430807	972727	1656278	3726538	8882483
43756	193244	359197	905538	1903884	3122306	5650188	10654166	43756	193244	359197	905538	1903884	3122306	5650188	10654166	43756	193244	359197	905538	1903884	3122306	5650188	10654166	43756	193244	359197	905538	1903884	3122306	5650188	10654166	43756	193244	359197	905538	1903884	3122306	5650188	10654166
44255	193645	360295	914270	1912228	3131396	5687998	10644993	44255	193645	360295	914270	1912228	3131396	5687998	10644993	44255	193645	360295	914270	1912228	3131396	5687998	10644993	44255	193645	360295	914270	1912228	3131396	5687998	10644993	44255	193645	360295	914270	1912228	3131396	5687998	10644993
26173	108669	210990	527213	1156660	1988114	3654630	7292109	26173	108669	210990	527213	1156660	1988114	3654630	7292109	26173	108669	210990	527213	1156660	1988114	3654630	7292109	26173	108669	210990	527213	1156660	1988114	3654630	7292109	26173	108669	210990	527213	1156660	1988114	3654630	7292109
31026	99687	185219	489842	866288	1563810	2772214	7112097	31026	99687	185219	489842	866288	1563810	2772214	7112097	31026	99687	185219	489842	866288	1563810	2772214	7112097	31026	99687	185219	489842	866288	1563810	2772214	7112097	31026	99687	185219	489842	866288	1563810	2772214	7112097
39380	172682	316571	781012	1575354	2533722	4557702	8709892	39380	172682	316571	781012	1575354	2533722	4557702	8709892	39380	172682	316571	781012	1575354	2533722	4557702	8709892	39380	172682	316571	781012	1575354	2533722	4557702	8709892	39380	172682	316571	781012	1575354	2533722	4557702	8709892
35875	194496	408133	1225560	2796456	5113066	9381348	17720303	35875	194496	408133	1225560	2796456	5113066	9381348	17720303	35875	194496	408133	1225560	2796456	5113066	9381348	17720303	35875	194496	408133	1225560	2796456	5113066	9381348	17720303	35875	194496	408133	1225560	2796456	5113066	9381348	17720303
29490	130640	250450	632510	1354372	2336072	4485184	9177389	29490	130640	250450	632510	1354372	2336072	4485184	9177389	29490	130640	250450	632510	1354372	2336072	4485184	9177389	29490	130640	250450	632510	1354372	2336072	4485184	9177389	29490	130640	250450	632510	1354372	2336072	4485184	9177389
16485	74621	154724	507611	1284784	2417853	5198824	11618863	16485	74621	154724	507611	1284784	2417853	5198824	11618863	16485	74621	154724	507611	1284784	2417853	5198824	11618863	16485	74621	154724	507611	1284784	2417853	5198824	11618863	16485	74621	154724	507611	1284784	2417853	5198824	11618863
17707	78907	164491	467604	1106203	2005017	4089022	8957873	17707	78907	164491	467604	1106203	2005017	4089022	8957873	17707	78907	164491	467604	1106203	2005017	4089022	8957873	17707	78907	164491	467604	1106203	2005017	4089022	8957873	17707	78907	164491	467604	1106203	2005017	4089022	8957873
14750	60856	126569	324197	748554	1325107	2791116	6464204	14750	60856	126569	324197	748554	1325107	2791116	6464204	14750	60856	126569	324197	748554	1325107	2791116	6464204	14750	60856	126569	324197	748554	1325107	2791116	6464204	14750	60856	126569	324197	748554	1325107	2791116	6464204
16946	69832	139364	358441	809656	1418170	2933255	6687584	16946	69832	139364	358441	809656	1418170	2933255	6687584	16946	69832	139364	358441	809656	1418170	2933255	6687584	16946	69832	139364	358441	809656	1418170	2933255	6687584	16946	69832	139364	358441	809656	1418170	2933255	6687584
14427	58367	120293	300299	683538	1239019	2503974	5930244	14427	58367	120293	300299	683538	1239019	2503974	5930244	14427	58367	120293	300299	683538	1239019	2503974	5930244	14427	58367	120293	300299	683538	1239019	2503974	5930244	14427	58367	120293	300299	683538	1239019	2503974	5930244
35296	139084	253621	610793	1243940	2001951	3812696	8607478	35296	139084	253621	610793	1243940	2001951	3812696	8607478	35296	139084	253621	610793	1243940	2001951	3812696	8607478	35296	139084	253621	610793	1243940	2001951	3812696	8607478	35296	139084	253621	610793	1243940	2001951	3812696	8607478
39970	152549	252052	579604	1119164	1662763	3372264	7762774	39970	152549	252052	579604	1119164	1662763	3372264	7762774	39970	152549	252052	579604	1119164	1662763	3372264	7762774	39970	152549	252052	579604	1119164	1662763	3372264	7762774	39970	152549	252052	579604	1119164	1662763	3372264	7762774
28192	105100	179652	422412	805800	1197297	2446403	5854704	28192	105100	179652	422412	805800	1197297	2446403	5854704	28192	105100	179652	422412	805800	1197297	2446403	5854704	28192	105100	179652	422412	805800	1197297	2446403	5854704	28192	105100	179652	422412	805800	1197297	2446403	5854704
15572	59183	104097	286209	605969	936116	2261486	5918990	15572	59183	104097	286209	605969	936116	2261486	5918990	15572	59183	104097	286209	605969	936116	2261486	5918990	15572	59183	104097	286209	605969	936116	2261486	5918990	15572	59183	104097	286209	605969	936116	2261486	5918990
34533	189167	399391	1234031	2746057	4859164	9152380	18243792	34533	189167	399391	1234031	2746057	4859164	9152380	18243792	34533	189167	399391	1234031	2746057	4859164	9152380	18243792	34533	189167	399391	1234031	2746057	4859164	9152380	18243792	34533	189167	399391	1234031	2746057	4859164	9152380	18243792
25495	150839	361100	1237377	3167389	6452300	7515275	14443353	25495	150839	361100	1237377	3167389	6452300	7515275	14443353	25495	150839	361100	1237377	3167389	6452300	7515275	14443353	25495	150839	361100	1237377	3167389	6452300	7515275	14443353	25495	150839	361100	1237377	3167389	6452300	7515275	14443353
35864	211436	484233	1559835	3792581	8400761	9143116	16458158	35864	211436	484233	1559835	3792581	8400761	9143116	16458158	35864	211436	484233	1559835	3792581	8400761	9143116	16458158	35864	211436	484233	1559835	3792581	8400761	9143116	16458158	35864	211436	484233	1559835	3792581	8400761	9143116	16458158
33845	163042	339016	893661	2020597	4007134	6486298	12521542	33845	163042	339016	893661	2020597	4007134	6486298	12521542	33845	163042	339016	893661	2020597	4007134	6486298	12521542	33845	163042	339016	893661	2020597	4007134	6486298	12521542	33845	163042	339016	893661	2020597	4007134	6486298	12521542
30412	126811	235266	562838	1127881	1804292	3497997	7762592	30412	126811	235266	562838	1127881	1804292	3497997	7762592	30412	126811	235266	562838	1127881	1804292	3497997	7762592	30412	126811	235266	562838	1127881	1804292	3497997	7762592	30412	126811	235266	562838	1127881	1804292	3497997	7762592
30080	118911	218199	523938	1069150	1702351	3321547	7130493	30080	118911	218199	523938	1069150	1702351	3321547	7130493	30080	118911	218199	523938	1069150	1702351	3321547	7130493	30080	118911	218199	523938	1069150	1702351	3321547	7130493	30080	118911	218199	523938	1069150	1702351	3321547	7130493
31528	121525	209209	490413	988934	1607832	3201455	7391208	31528	121525	209209	490413	988934	1607832	3201455	7391208	31528	121525	209209	490413	988934	1607832	3201455	7391208	31528	121525	209209	490413	988934	1607832	3201455	7391208	31528	121525	209209	490413	988934	1607832	3201455	7391208
49331	205083	351234	826769	1559994	2352483	4394141	8760730	49331	205083	351234	826769	1559994	2352483	4394141	8760730	49331	205083	351234	826769	1559994	2352483	4394141	8760730	49331	205083	351234	826769	1559994	2352483	4394141	8760730	49331	205083	351234	826769	1559994	2352483	4394141	8760730
38011	164929	298506	812684	1689422	2680515	5421796	11741894	38011	164929	298506	812684	1689422	2680515	5421796	11741894	38011	164929	298506	812684	1689422	2680515	5421796	11741894	38011	164929	298506	812684	1689422	2680515	5421796	11741894	38011	164929	298506	812684	1689422	2680515	5421796	11741894
31617	129768	235121	623111	1219456	1891728	3919012	8830932	31617	129768	235121	623111	1219456	1891728	3919012	8830932	31617	129768	235121	623111	1219456	1891728	3919012	8830932	31617	129768	235121	623111	1219456	1891728	3919012	8830932	31617	129768	235121	623111	1219456	1891728	3919012	8830932
34925	146929	263846	655230	1266041	1952430	3918150	8538993	34925	146929	263846	655230	1266041	1952430	3918150	8538993	34925	146929	263846	655230	1266041	1952430	3918150	8538993	34925	146929	263846	655230	1266041	1952430	3918150	8538993	34925	146929	263846	655230	1266041	1952430	3918150	8538993
41396	197434	417495	1162914	2344245	3709786	6954561	14510242	41396	197434	417495	1162914	2344245	3709786	6954561	14510242	41396	197434	417495	1162914	2344245	3709786	6954561	14510242	41396	197434	417495	1162914	2344245	3709786	6954561	14510242	41396	197434	417495	1162914	2344245	3709786	6954561	14510242
49217	200645	343790	878912	1717400	2662744	5326504	11680178	49217	200645	343790	878912	1717400	2662744	5326504	11680178	49217	200645	343790	878912	1717400	2662744	5326504	11680178	49217	200645	343790	878912	1717400	2662744	5326504	11680178	49217	200645	343790	878912	1717400	2662744	5326504	11680178
28692	107760	182173	432862	829429	1278947	2684108	6689302	28692	107760	182173	432862	829429	1278947	2684108	6689302	28692	107760	182173	432862	829429	1278947	2684108	6689302	28692	107760	182173	432862	829429	1278947	2684108	6689302	28692	107760	182173	432862	829429	1278947	2684108	6689302
40230	146266	257605	647354	1339761	2215107	4309115	8924899	40230	146266	257605	647354	1339761	2215107	4309115	8924899	40230	146266	257605	647354	1339761	2215107	4309115	8924899	40230	146266	257605	647354	1339761	2215107	4309115	8924899	40230	146266	257605	647354	1339761	2215107	4309115	8924899
44006	186518	341148	882476	1767796	2891964	5523362	11112241	44006	186518	341148	882476	1767796	2891964	5523362	11112241	44006	186518	341148	882476	1767796	2891964	5523362	11112241	44006	186518	341148	882476	1767796	2891964	5523362	11112241	44006	186518	341148	882476	1767796	2891964	5523362	11112241
35490	152454	273527	712153	1398039	2114006	4236962	9194232	35490	152454	273527	712153	1398039	2114006	4236962	9194232	35490	152454	273527	712153	1398039	2114006	4236962	9194232	35490	152454	273527	712153	1398039	2114006	4236962	9194232	35490	152454	273527	712153	1398039	2114006	4236962	9194232
33265	125544	229645	555609	1120621	1805513	3635458	8099728	33265	125544	229645	555609	1120621	1805513	3635458	8099728	33265	125544	229645	555609	1120621	1805513	3635458	8099728	33265	125544	229645	555609	1120621	1805513	3635458	8099728	33265	125544	229645	555609	1120621	1805513	3635458	8099728
30426	109322	185552	419294	798775	1225631	2520729	6124266	30426	109322	185552	419294	798775	1225631	2520729	6124266	30426	109322	185552	419294	798775	1225631	2520729	6124266	30426	109322	185552	419294	798775	1225631	2520729	6124266	30426	109322	185552	419294	798775	1225631	2520729	6124266
26245	101750	176256	454379	935721	1535921	3262456	7753662	26245	101750	176256	454379	935721	1535921	3262456	7753662	26245	101750	176256	454379	935721	1535921	3262456	7753662	26245	101750	176256	454379	935721	1535921	3262456	7753662	26245	101750	176256	454379	935721	1535921	3262456	7753662
25951	96878	165158	409626	828440	1296130	3002803	7744285	25951	96878	165158	409626	828440	1296130	3002803	7744285	25951	96878	165158	409626	828440	1296130	3002803	7744285	25951	96878	165158	409626	828440	1296130	3002803	7744285	25951	96878	165158	409626	828440	1296130	3002803	7744285
21902	82093	149143	348740	716738	1166288	2405249	6299412	21902	82093	149143	348740	716738	1166288	2405249	6299412	21902	82093	149143	348740	716738	1166288	2405249	6299412	21902	82093	149143	348740	716738	1166288	2405249	6299412	21902	82093	149143	348740	716738	1166288	2405249	6299412
26223	136144	274799	797308	1409668	1804524	3526009	7496647	26223	136144	274799	797308	1409668	1804524	3526009	7496647	26223	136144	274799	797308	1409668	1804524	3526009	7496647	26223	136144	274799	797308	1409668	1804524	3526009	7496647	26223	136144	274799	797308	1409668	1804524	3526009	7496647
22311	100172	205349	534903	1160072	1937761	3590665	7183918	22311	100172	205349	534903	1160072	1937761	3590665	7183918	22311	100172	205349	534903	1160072	1937761	3590665	7183918	22311	100172	205349	534903	1160072	1937761	3590665	7183918	22311	100172	205349	534903	1160072	1937761	3590665	7183918
33009	173151	317579	846924	1705081	2799292	5115340	9868005	33009	173151	317579	846924	1705081	2799292	5115340	9868005	33009	173151	317579	846924	1705081	2799292	5115340	9868005	33009	173151	317579	846924	1705081	2799292	5115340	9868005	33009	173151	317579	846924	1705081	2799292	5115340	9868005
42052	223183	404687	1080436	2039480	3208504	5864789	11433096	42052	223183	404687	1080436	2039480	3208504	5864789	11433096	42052	223183	404687	1080436	2039480	3208504	5864789	11433096	42052	223183	404687	1080436	2039480	3208504	5864789	11433096	42052	223183	404687	1080436	2039480	3208504	5864789	11433096
41396	222295	420503	1123479	2237183	3425836	6361559	12323234	41396	222295	420503	1123479	2237183	3425836	6361559	12323234	41396	222295	420503	1123479	2237183	3425836	6361559	12323234	41396	222295	420503	1123479	2237183	3425836	6361559	12323234	41396	222295	420503	1123479	2237183	3425836	6361559	12323234
36779	196116	362137	985492	1883829	3044616	5601393	10999048	36779	196116	362137	985492	1883829	3044616	5601393	10999048	36779	196116	362137	985492	1883829	3044616	5601393	10999048	36779	196116	362137	985492	1883829	3044616	5601393	10999048	36779	196116	362137	985492	1883829	3044616	5601393	10999048
43028	242963	457112	1236837	2447100	4002294	7209841	13548238	43028	242963	457112	1236837	2447100	4002294	7209841	13548238	43028	242963	457112	1236837	2447100	4002294	7209841	13548238	43028	242963	457112	1236837	2447100	4002294	7209841	13548238	43028	242963	457112	1236837	2447100	4002294	7209841	13548238
37063	184535	360384	929915	1918435	3137847	5830926	11173161	37063	184535	360384	929915	1918435	3137847	5830926	11173161	37063	184535	360384	929915	1918435	3137847	5830926	11173161	37063	184535	360384	929915	1918435	3137847	5830926	11173161	37063	184535	360384	929915	1918435	3137847	5830926	11173161
42178	216698	411163	1060640	2159591	3561204	6141871	11781657	42178	216698	411163	1060640	2159591	3561204	6141871	11781657	42178	216698	411163	1060640	2159591	3561204	6141871	11781657	42178	216698	411163	1060640	2159591	3561204	6141871	11781657	42178	216698	411163	1060640	2159591	3561204	6141871	11781657
34106	182607	338781	895630	1768573	2887439	5229924	10097192	34106	182607	338781	895630	1768573	2887439	5229924	10097192	34106	182607	338781	895630	1768573	2887439	5229924	10097192	34106	182607	338781	895630	1768573	2887439	5229924	10097192	34106	182607	338781	895630	1768573	2887439	5229924	10097192
52407	290931	522088	1324814	2518743	4103935	7418381	14090314	52407	290931	522088	1324814	2518743	4103935	7418381	14090314	52407	290931	522088	1324814	2518743	4103935	7418381	14090314	52407	290931	522088	1324814	2518743	4103935	7418381	14090314	52407	290931	522088	1324814	2518743	4103935	7418381	14090314
25301	130534	261506	747627	1300302	1666847	3268914	7037413	25301	130534	261506	747627	1300302	1666847	3268914	7037413	25301	130534	261506	747627	1300302	1666847	3268914	7037413	25301	130534	261506	747627	1300302	1666847	3268914	7037413	25301	130534	261506	747627	1300302	1666847	3268914	7037413
41316	221992	406804	1058776	2395187	3992250	7093054	13317352	41316	221992	406804	1058776	2395187	3992250	7093054	13317352	41316	221992	406804	1058776	2395187	3992250	7093054	13317352	41316	221992	406804	1058776	2395187	3992250	7093054	13317352	41316	221992	406804	1058776	2395187	3992250	7093054	13317352
20516	90206	192356	538903	1291958	2442412	4499942	8890163	20516	90206	192356	538903	1291958	2442412	4499942	8890163	20516	90206	192356	538903	1291958	2442412	4499942	8890163	20516	90206	192356	538903	1291958	2442412	4499942	8890163	20516	90206	192356	538903	1291958	2442412	4499942	8890163
38366	204706	404414	1146138	2353010	4030660	7364360	14043777	38366	204706	404414	1146138	2353010	4030660	7364360	14043777	38366	204706	404414	1146138	2353010	4030660	7364360	14043777	38366	204706	404414	1146138	2353010	4030660	7364360	14043777	38366	204706	404414	1146138	2353010	4030660	7364360	14043777
35564	216831	401405	1179180	2236041	3596946	6459132	12760090	35564	216831	401405	1179180	2236041	3596946	6459132	12760090	35564	216831	401405	1179180	2236041	3596946	6459132	12760090	35564	216831	401405	1179180	2236041	3596946	6459132	12760090	35564	216831	401405	1179180	2236041	3596946	6459132	12760090
29239	176702	334290	981096	2025057	3433498	6187652	11842252	29239	176702	334290	981096	2025057	3433498	6187652	11842252	29239	176702	334290	981096	2025057	3433498	6187652	11842252	29239	176702	334290	981096	2025057	3433498	6187652	11842252	29239	176702	334290	981096	2025057	3433498	6187652	11842252
30275	148109	297446	758212	1603886	2811506	4846184	9474544	30275	148109	297446	758212	1603886	2811506	4846184	9474544	30275	148109	297446	758212	1603886	2811506	4846184	9474544	30275	148109	297446	758212	1603886	2811506	4846184	9474544	30275	148109	297446	758212	1603886	2811506	4846184	9474544
23748	102745	209224	526924	1130946	1925522	3658430	8563582	23748	102745	209224	526924	1130946	1925522	3658430	8563582	23748	102745	209224	526924	1130946	1925522	3658430	8563582	23748	102745	209224	526924	1130946	1925522	3658430	8563582	23748	102745	209224	526924	1130946	1925522	3658430	8563582
20232	83427	170289	426947	935267	1620655	3149531	7644047	20232	83427	170289	426947	935267	1620655	3149531	7644047	20232	83427	170289	426947	935267	1620655	3149531	7644047	20232	83427	170289	426947	935267	1620655	3149531	7644047	20232	83427	170289	426947	935267	1620655	3149531	7644047
20036	85192	174936	455004	994802	1780644	3152972	6459244	20036	85192	174936	455004	994802	1780644	3152972	6459244	20036	85192	174936	455004	994802	1780644	3152972	6459244	20036	85192	174936	455004	994802	1780644	3152972	6459244	20036	85192	174936	455004	994802	1780644	3152972	6459244
26989	108675	200526	471675	929052	1463639	2708119	5686941	26989	108675	200526	471675	929052	1463639	2708119	5686941	26989	108675	200526	471675	929052	1463639	2708119	5686941	26989	108675	200526	471675	929052	1463639	2708119	5686941	26989	108675	200526	471675	929052	1463639	2708119	5686941
24225	120842	241095	679142	1186969	1526088	3044779	6606228	24225	120842	241095	679142	1186969	1526088	3044779	6606228	24225	120842	241095	679142	1186969	1526088	3044779	6606228	24225	120842	241095	679142	1186969	1526088	3044779	6606228	24225	120842	241095	679142	1186969	1526088	3044779	6606228
29229	116270	202739	481023	902962	1368954	2707197	6088318	29229	116270	202739	481023	902962	1368954	2707197	6088318	29229	116270	202739	481023	902962	1368954	2707197	6088318	29229	116270	202739	481023	902962	1368954	2707197	6088318	29229	116270	202739	481023	902962	1368954	2707197	6088318
12325	49393	91022	241580	527195	817039	1885760	4955117	12325	49393	91022	241580	527195	817039	1885760	4955117	12325	49393	91022	241580	527195	817039	1885760	4955117	12325	49393	91022	241580	527195	817039	1885760	4955117	12325	49393	91022	241580	527195	817039	1885760	4955117
16148	63037	117162	296703	631051	981478	2208046	5692327	16148	63037	117162	296703	631051	981478	2208046	5692327	16148	63037	117162	296703	631051	981478	2208046	5692327	16148	63037	117162	296703	631051	981478	2208046	5692327	16148	63037	117162	296703	631051	981478	2208046	5692327
12196	45037	82766	203225	425021	639346	1594646	4493109	12196	45037	82766	203225	425021	639346	1594646	4493109	12196	45037	82766	203225	425021	639346	1594646	4493109	12196	45037	82766	203225	425021	639346	1594646	4493109	12196	45037	82766	203225	425021	639346	1594646	4493109
15816	60448	107445	266077	540847	824094	1908113	5092827	15816	60448	107445	266077	540847	824094	1908113	5092827	15816	60448	107445	266077	540847	824094	1908113	5092827	15816	60448	107445	266077	540847	824094	1908113	5092827	15816	60448	107445	266077	540847	824094	1908113	5092827
25677	96171	164348	381573	761616	1173474	2530034	6677243	25677	96171	164348	381573	761616	1173474	2530034	6677243	25677	96171	164348	381573	761616	1173474	2530034	6677243	25677	96171	164348	381573	761616	1173474	2530034	6677243	25677	96171	164348	381573	761616	1173474	2530034	6677243
25157	94322	176899	391141	776401	1221763	2310618	5195226	25157	94322	176899	391141	776401	1221763	2310618	5195226	25157	94322	176899	391141	776401	1221763	2310618	5195226	25157	94322	176899	391141	776401	1221763	2310618	5195226	25157	94322	176899	391141	776401	1221763	2310618	5195226
22088	87611	171111	428778	925741	1560242	3171196	7923792	22088	87611	171111	428778	925741	1560242	3171196	7923792	22088	87611	171111	428778	925741	1560242	3171196	7923792	22088	87611	171111	428778	925741	1560242	3171196	7923792	22088	87611	171111	428778	925741	1560242	3171196	7923792
18786	65745	117456	307558	648657	1018901	2448423	7064847	18786	65745	117456	307558	648657	1018901	2448423	7064847	18786	65745	117456	307558	648657	1018901	2448423	7064847	18786	65745	117456	307558	648657	1018901	2448423	7064847	18786	65745	117456	307558	648657	1018901	2448423	7064847
36591	142892	249925	573737	1114455	1694630	3481022	8550287	36591	142892	249925	573737	1114455	1694630	3481022	8550287	36591	142892	249925	573737	1114455	1694630	3481022	8550287	36591	142892	249925	573737	1114455	1694630	3481022	8550287	36591	142892	249925	573737	1114455	1694630	3481022	8550287
19635	107385	252109	648766	1556326	3180871	4388553	8657748	19635	107385	252109	648766	1556326	3180871	4388553	8657748	19635	107385	252109	648766	1556326	3180871	4388553	8657748	19635	107385	252109	648766	1556326	3180871	4388553	8657748	19635	107385	252109	648766	1556326	3180871	4388553	8657748
22219	133425	206529	603087	1057181	1381548	2745175	6239883	22219	133425	206529	603087	1057181	1381548	2745175	6239883	22219	133425	206529	603087	1057181	1381548	2745175	6239883	22219	133425	206529	603087	1057181	1381548	2745175	6239883	22219	133425	206529	603087	1057181	1381548	2745175	6239883
11463	47668	84449	248356	517320	773792	2346454	7940001	11463	47668	84449	248356	517320	773792	2346454	7940001	11463	47668	84449	248356	517320	773792	2346454	7940001	11463	47668	84449	248356	517320	773792	2346454	7940001	11463	47668	84449	248356	517320	773792	2346454	7940001
21064	80405	136586	360307	747911	1151645	3062775	9466816	21064	80405	136586	360307	747911	1151645	3062775	9466816	21064	80405	136586	360307	747911	1151645	3062775	9466816	21064	80405	136586	360307	747911	1151645	3062775	9466816	21064	80405	136586	360307	747911	1151645	3062775	9466816
27597	106419	196715	480855	1008507	1711688	3561516	8959543	27597	106419	196715	480855	1008507	1711688	3561516	8959543	27597	106419	196715	480855	1008507	1711688	3561516	8959543	27597	106419	196715	480855	1008507	1711688	3561516	8959543	27597	106419	196715	480855	1008507	1711688	3561516	8959543
23133	85210	163634	378011	807059	1471289	2658667	6140220	23133	85210	163634	378011	807059	1471289	2658667	6140220	23133	85210	163634	378011	807059	1471289	2658667	6140220	23133	85210	163634	378011	807059	1471289	2658667	6140220	23133	85210	163634	378011	807059	1471289	2658667	6140220
24042	94463	166811	433043	906354	1431555	3403582	9426918	24042	94463	166811	433043	906354	1431555	3403582	9426918	24042	94463	166811	433043	906354	1431555	3403582	9426918	24042	94463	166811	433043	906354	1431555	3403582	9426918	24042	94463	166811	433043	906354	1431555	3403582	9426918
39391	155360	254342	582049	1076475	1561746	3204046	7742628	39391	155360	254342	582049	1076475	1561746	3204046	7742628	39391	155360	254342	582049	1076475	1561746	3204046	7742628	39391	155360	254342	582049	1076475	1561746	3204046	7742628	39391	155360	254342	582049	1076475	1561746	3204046	7742628
26125	146204	257941	645328	915635	1226473	2447153	5423285	26125	146204	257941	645328	915635	1226473	2447153	5423285	26125	146204	257941	645328	915635	1226473	2447153	5423285	26125	146204	257941	645328	915635	1226473	2447153	5423285	26125	146204	257941	645328	915635	1226473	2447153	5423285
29605	147851	250947	619734	1063502	1324361	2729237	6801035	29605	147851	250947	619734	1063502	1324361	2729237	6801035	29605	147851	250947	619734	1063502	1324361	2729237	6801035	29605	147851	250947	619734	1063502	1324361	2729237	6801035	29605	147851	250947	619734	1063502	1324361	2729237	6801035
28743	105943	184271	439131	845371	1286130	2665905	6380760	28743	105943	184271	439131	845371	1286130	2665905	6380760	28743	105943	184271	439131	845371	1286130	2665905	6380760	28743	105943	184271	439131	845371	1286130	2665905	6380760	28743	105943	184271	439131	845371	1286130	2665905	6380760
30640	109553	180613	395401	716547	1053635	2111392	4804875	30640	109553	180613	395401	716547	1053635	2111392	4804875	30640	109553	180613	395401	716547	1053635	2111392	4804875	30640	109553	180613	395401	716547	1053635	2111392	4804875	30640	109553	180613	395401	716547	1053635	2111392	4804875
19877	174125	263232	534600	969904	1252843	2570963	5861674	19877	174125	263232	534600	969904	1252843	2570963	5861674	19877	174125	263232	534600	969904	1252843	2570963	5861674	19877	174125	263232	534600	969904	1252843	2570963	5861674	19877	174125	263232	534600	969904	1252843	2570963	5861674
92449	400320	672032	1491768	2496714	3644212	6553839	13301486	92449	400320	672032	1491768	2496714	3644212	6553839	13301486	92449	400320	672032	1491768	2496714	3644212	6553839	13301486	92449	400320	672032	1491768	2496714	3644212	6553839	13301486	92449	400320	672032	1491768	2496714	3644212	6553839	13301486
72541	416074	804637	2090803	3984999	6052774	10262959	18537388	72541	416074	804637	2090803	3984999	6052774	10262959	18537388	72541	416074	804637	2090803	3984999	6052774	10262959	18537388	72541	416074	804637	2090803	3984999	6052774	10262959	18537388	72541	416074	804637	2090803	3984999	6052774	10262959	18537388
28870	144039	269985	721007	1432336	2234827	4682203	11584892	28870	144039	269985	721007	1432336	2234827	4682203	11584892	28870	144039	269985	721007	1432336	2234827	4682203	11584892	28870	144039	269985	721007	1432336	2234827	4682203	11584892	28870	144039	269985	721007	1432336	2234827	4682203	11584892
40947	268527	525562	1495833	2893078	4436265	8089802	15640292	40947	268527	525562	1495833	2893078	4436265	8089802	15640292	40947	268527	525562	1495833	2893078	4436265	8089802	15640292	40947	268527	525562	1495833	2893078	4436265	8089802	15640292	40947	268527	525562	1495833	2893078	4436265	8089802	15640292
17740	76435	136117	382462	806937	1304547	3114143	8366410	17740	76435	136117	382462	806937	1304547	3114143	8366410	17740	76435	136117	382462	806937	1304547	3114143	8366410	17740	76435	136117	382462	806937	1304547	3114143	8366410	17740	76435	136117	382462	806937	1304547	3114143	8366410
61236	340692	610752	1498773	2694934	4112890	7712756	15382634	61236	340692	610752	1498773	2694934	4112890	7712756	15382634	61236	340692	610752	1498773	2694934	4112890	7712756	15382634	61236	340692	610752	1498773	2694934	4112890	7712756	15382634	61236	340692	610752	1498773	2694934	4112890	7712756	15382634
82886	482867	875440	2119296	3743715	5461695	9746915	18343712	82886	482867	875440	2119296	3743715	5461695	9746915	18343712	82886	482867	875440	2119296	3743715	5461695	9746915	18343712	82886	482867	875440	2119296	3743715	5461695	9746915	18343712	82886	482867	875440	2119296	3743715	5461695	9746915	18343712
26974	122316	222189	564973	1107212	1687656	3888151	9915701	26974	122316	222189	564973	1107212	1687656	3888151	9915701	26974	122316	222189	564973	1107212	1687656	3888151	9915701	26974	122316	222189	564973	1107212	1687656	3888151	9915701	26974	122316	222189	564973	1107212	1687656	3888151	9915701
41138	166991	285559	692216	1323198	1954753	4210971	10157942	41138	166991	285559	692216	1323198	1954753	4210971	10157942	41138	166991	285559	692216	1323198	1954753	4210971	10157942	41138	166991	285559	692216	1323198	1954753	4210971	10157942	41138	166991	285559	692216	1323198	1954753	4210971	10157942
20359	84443	146789	391657	837662	1230073	3055637	8252034	20359	84443	146789	391657	837662	1230073	3055637	8252034	20359	84443	146789	391657	837662	1230073	3055637	8252034	20359	84443	146789	391657	837662	1230073	3055637	8252034	20359	84443	146789	391657	837662	1230073	3055637	8252034
21851	127705	229532	606288	1101997	1474935	2970887	6716834	21851	127705	229532	606288	1101997	1474935	2970887	6716834	21851	127705	229532	606288	1101997	1474935	2970887	6716834	21851	127705	229532	606288	1101997	1474935	2970887	6716834	21851	127705	229532	606288	1101997	1474935	2970887	6716834
14805	54674	101958	268288	577560	872381	2363172	7521979	14805	54674	101958	268288	577560	872381	2363172	7521979	14805	54674	101958	268288	577560	872381	2363172	7521979	14805	54674	101958	268288	577560	872381	2363172	7521979	14805	54674	101958	268288	577560	872381	2363172	7521979
79065	364011	626334	1460242	2722966	4065799	7583424	14558765	79065	364011	626334	1460242	2722966	4065799	7583424	14558765	79065	364011	626334	1460242	2722966	4065799	7583424	14558765	79065	364011	626334	1460242	2722966	4065799	7583424	14558765	79065	364011	626334	1460242	2722966	4065799	7583424	14558765
58199	230580	373856	849179	1572273	2221869	4319072	8827732	58199	230580	373856	849179	1572273	2221869	4319072	8827732	58199	230580	373856	849179	1572273	2221869	4319072	8827732	58199	230580	373856	849179	1572273	2221869	4319072	8827732	58199	230580	373856	849179	1572273	2221869	4319072	8827732
24806	85898	142372	314913	571000	802234	1599134	3352352	24806	85898	142372	314913	571000	802234	1599134	3352352	24806	85898	142372	314913	571000	802234	1599134	3352352	24806	85898	142372	314913	571000	802234	1599134	3352352	24806	85898	142372	314913	571000	802234	1599134	3352352
21486	74447	125953	280357	519440	749864	1522067	3269475	21486	74447	125953	280357	519440	749864	1522067	3269475	21486	74447	125953	280357	519440	749864	1522067	3269475	21486	74447	125953	280357	519440	749864	1522067	3269475	21486	74447	125953	280357	519440	749864	1522067	3269475
35061	127508	209194	449611	803462	1153366	2102416	4184108	35061	127508	209194	449611	803462	1153366	2102416	4184108	35061	127508	209194	449611	803462	1153366	2102416	4184108	35061	127508	209194	449611	803462	1153366	2102416	4184108	35061	127508	209194	449611	803462	1153366	2102416	4184108
35096	141321	225652	542206	952903	1371844	2676352	5730440	35096	141321	225652	542206	952903	1371844	2676352	5730440	35096	141321	225652	542206	952903	1371844	2676352	5730440	35096	141321	225652	542206	952903	1371844	2676352	5730440	35096	141321	225652	542206	952903	1371844	2676352	5730440
13972	47624	83038	201829	410992	641102	1429629	3461350	13972	47624	83038	201829	410992	641102	1429629	3461350	13972	47624	83038	201829	410992	641102	1429629	3461350	13972	47624	83038	201829	410992	641102	1429629	3461350	13972	47624	83038	201829	410992	641102	1429629	3461350
30777	113307	188816	449103	867264	1347105	2684173	5978505	30777	113307	188816	449103	867264	1347105	2684173	5978505	30777	113307	188816	449103	867264	1347105	2684173	5978505	30777	113307	188816	449103	867264	1347105	2684173	5978505	30777	113307	188816	449103	867264	1347105	2684173	5978505
26404	100123	180038	474591	980198	1590251	3256113	7375970	26404	100123	180038	474591	980198	1590251	3256113	7375970	26404	100123	180038	474591	980198	1590251	3256113	7375970	26404	100123	180038	474591	980198	1590251	3256113	7375970	26404	100123	180038	474591	980198	1590251	3256113	7375970
26663	141505	271945	703480	1204065	1726543	3233747	6976028	26663	141505	271945	703480	1204065	1726543	3233747	6976028	26663	141505	271945	703480	1204065	1726543	3233747	6976028	26663	141505	271945	703480	1204065	1726543	3233747	6976028	26663	141505	271945	703480	1204065	1726543	3233747	6976028
10050	43629	73603	214149	493616	794297	1918450	4676141	10050	43629	73603	214149	493616	794297	1918450	4676141	10050	43629	73603	214149	493616	794297	1918450	4676141	10050	43629	73603	214149	493616	794297	1918450	4676141	10050	43629	73603	214149	493616	794297	1918450	4676141
25985	193062	410336	1190638	2796229	5031315	8844213	17168573	25985	193062	410336	1190638	2796229	5031315	8844213	17168573	25985	193062	410336	1190638	2796229	5031315	8844213	17168573	25985	193062	410336	1190638	2796229	5031315	8844213	17168573	25985	193062	410336	1190638	2796229	5031315	8844213	17168573
25583	188671	402256	1226958	2783250	5102059	8688156	16058102	25583	188671	402256	1226958	2783250	5102059	8688156	16058102	25583	188671	402256	1226958	2783250	5102059	8688156	16058102	25583	188671	402256	1226958	2783250	5102059	8688156	16058102	25583	188671	402256	1226958	2783250	5102059	8688156	16058102
38996	231220	420111	1160373	2145251	3244788	5788753	10969004	38996	231220	420111	1160373	2145251	3244788	5788753	10969004	38996	231220	420111	1160373	2145251	3244788	5788753	10969004	38996	231220	420111	1160373	2145251	3244788	5788753	10969004	38996	231220	420111	1160373	2145251	3244788	5788753	10969004
34927	182007	329958	891675	1645830	2291289	4303612	8496591	34927	182007	329958	891675	1645830	2291289	4303612	8496591	34927	182007	329958	891675	1645830	2291289	4303612	8496591	34927	182007	329958	891675	1645830	2291289	4303612	8496591	34927	182007	329958	891675	1645830	2291289	4303612	8496591
22025	111270	211551	588400	1144484	1715068	3392474	7159434	22025	111270	211551	588400	1144484	1715068	3392474	7159434	22025	111270	211551	588400	1144484	1715068	3392474	7159434	22025	111270	211551	588400	1144484	1715068	3392474	7159434	22025	111270	211551	588400	1144484	1715068	3392474	7159434
16812	65770	120104	306001	631984	984215	2178127	5187849	16812	65770	120104	306001	631984	984215	2178127	5187849	16812	65770	120104	306001	631984	984215	2178127	5187849	16812	65770	120104	306001	631984	984215	2178127	5187849	16812	65770	120104	306001	631984	984215	2178127	5187849
29817	119315	205783	481925	932574	1391641	2826843	6162587	29817	119315	205783	481925	932574	1391641	2826843	6162587	29817	119315	205783	481925	932574	1391641	2826843	6162587	29817	119315	205783	481925	932574	1391641	2826843	6162587	29817	119315	205783	481925	932574	1391641	2826843	6162587
21202	85238	145220	357426	655745	966537	2093186	4872748	21202	85238	145220	357426	655745	966537	2093186	4872748	21202	85238	145220	357426	655745	966537	2093186	4872748	21202	85238	145220	357426	655745	966537	2093186	4872748	21202	85238	145220	357426	655745	966537	2093186	4872748
20994	103206	164544	436162	797537	1181892	2608643	5939614	20994	103206	164544	436162	797537	1181892	2608643	5939614	20994	103206	164544	436162	797537	1181892	2608643	5939614	20994	103206	164544	436162	797537	1181892	2608643	5939614	20994	103206	164544	436162	797537	1181892	2608643	5939614
34399	201354	371723	1010551	1865035	2526653	4789642	9933469	34399	201354	371723	1010551	1865035	2526653	4789642	9933469	34399	201354	371723	1010551	1865035	2526653	4789642	9933469	34399	201354	371723	1010551	1865035	2526653	4789642	9933469	34399	201354	371723	1010551	1865035	2526653	4789642	9933469
15641	66742	125024	343736	721153	1116051	2634812	6749700	15641	66742	125024	343736	721153	1116051	2634812	6749700	15641	66742	125024	343736	721153	1116051	2634812	6749700	15641	66742	125024	343736	721153	1116051	2634812	6749700	15641	66742	125024	343736	721153	1116051	2634812	6749700
11342	49944	87370	266635	582026	878311	2803570	9539151	11342	49944	87370	266635	582026	878311	2803570	9539151	11342	49944	87370	266635	582026	878311	2803570	9539151	11342	49944	87370	266635	582026	878311	2803570	9539151	11342	49944	87370	266635	582026	878311	2803570	9539151
10032	48885	105382	287456	641869	1057519	2369061	6704890	10032	48885	105382	287456	641869	1057519	2369061	6704890	10032	48885	105382	287456	641869	1057519	2369061	6704890	10032	48885	105382	287456	641869	1057519	2369061	6704890	10032	48885	105382	287456	641869	1057519	2369061	6704890
18650	76200	137763	333487	660314	1006511	2164663	5144937	18650	76200	137763	333487	660314	1006511	2164663	5144937	18650	76200	137763	333487	660314	1006511	2164663	5144937	18650	76200	137763	333487	660314	1006511	2164663	5144937	18650	76200	137763	333487	660314	1006511	2164663	5144937
19846	70670	122168	274162	510676	792226	1568162	3626019	19846	70670	122168	274162	510676	792226	1568162	3626019	19846	70670	122168	274162	510676	792226	1568162	3626019	19846	70670	122168	274162	510676	792226	1568162	3626019	19846	70670	122168	274162	510676	792226	1568162	3626019
16211	76083	145724	430975	920536	1314867	3403778	9011669	16211	76083	145724	430975	920536	1314867	3403778	9011669	16211	76083	145724	430975	920536	1314867	3403778	9011669	16211	76083	145724	430975	920536	1314867	3403778	9011669	16211	76083	145724	430975	920536	1314867	3403778	9011669
10107	43772	84480	235808	495965	724183	1838637	5303315	10107	43772	84480	235808	495965	724183	1838637	5303315	10107	43772	84480	235808	495965	724183	1838637	5303315	10107	43772	84480	235808	495965	724183	1838637	5303315	10107	43772	84480	235808	495965	724183	1838637	5303315
10236	45328	87183	259662	547163	813508	2263771	6924724	10236	45328	87183	259662	547163	813508	2263771	6924724	10236	45328	87183	259662	547163	813508	2263771	6924724	10236	45328	87183	259662	547163	813508	2263771	6924724	10236	45328	87183	259662	547163	813508	2263771	6924724
11081	55916	118189	412042	987879	1520102	3835893	9983981	11081	55916	118189	412042	987879	1520102	3835893	9983981	11081	55916	118189	412042	987879	1520102	3835893	9983981	11081	55916	118189	412042	987879	1520102	3835893	9983981	11081	55916	118189	412042	987879	1520102	3835893	9983981
8748	57669	119101	355047	770543	1314335	3467304	7715603	8748	57669	119101	355047	770543	1314335	3467304	7715603	8748	57669	119101	355047	770543	1314335	3467304	7715603	8748	57669	119101	355047	770543	1314335	3467304	7715603	8748	57669	119101	355047	770543	1314335	3467304	7715603
28346	181549	322082	828431	1444691	2059786	3969940	8341276	28346	181549	322082	828431	1444691	2059786	3969940	8341276	28346	181549	322082	828431	1444691	2059786	3969940	8341276	28346	181549	322082	828431	1444691	2059786	3969940	8341276	28346	181549	322082	828431	1444691	2059786	3969940	8341276
12113	81472	146820	422427	922323	1573863	3440204	7651148	12113	81472	146820	422427	922323	1573863	3440204	7651148	12113	81472	146820	422427	922323	1573863	3440204	7651148	12113	81472	146820	422427	922323	1573863	3440204	7651148	12113	81472	146820	422427	922323	1573863	3440204	7651148
12765	87136	173087	488541	1084189	1896898	4122407	8097763	12765	87136	173087	488541	1084189	1896898	4122407	8097763	12765	87136	173087	488541	1084189	1896898	4122407	8097763	12765	87136	173087	488541	1084189	1896898	4122407	8097763	12765	87136	173087	488541	1084189	1896898	4122407	8097763
12424	95046	182803	503911	1200452	2028528	4184464	8281988	12424	95046	182803	503911	1200452	2028528	4184464	8281988	12424	95046	182803	503911	1200452	2028528	4184464	8281988	12424	95046	182803	503911	1200452	2028528	4184464	8281988	12424	95046	182803	503911	1200452	2028528	4184464	8281988
13318	105225	191759	568181	1205541	2104617	4658732	9246958	13318	105225	191759	568181	1205541	2104617	4658732	9246958	13318	105225	191759	568181	1205541	2104617	4658732	9246958	13318	105225	191759	568181	1205541	2104617	4658732	9246958	13318	105225	191759	568181	1205541	2104617	4658732	9246958
17541	118562	235532	672007	1396849	2447129	5192661	10420832	17541	118562	235532	672007	1396849	2447129	5192661	10420832	17541	118562	235532	672007	1396849	2447129	5192661	10420832	17541	118562	235532	672007	1396849	2447129	5192661	10420832	17541	118562	235532	672007	1396849	2447129	5192661	10420832
15656	115279	219014	606272	1305295	2308035	4491485	9962710	15656	115279	219014	606272	1305295	2308035	4491485	9962710	15656	115279	219014	606272	1305295	2308035	4491485	9962710	15656	115279	219014	606272	1305295	2308035	4491485	9962710	15656	115279	219014	606272	1305295	2308035	4491485	9962710
13338	107763	202416	577625	1221921	2139594	4247355	9659613	13338	107763	202416	577625	1221921	2139594	4247355	9659613	13338	107763	202416	577625	1221921	2139594	4247355	9659613	13338	107763	202416	577625	1221921	2139594	4247355	9659613	13338	107763	202416	577625	1221921	2139594	4247355	9659613
14893	104607	208800	605379	1286148	2198296	4393020	10071672	14893	104607	208800	605379	1286148	2198296	4393020	10071672	14893	104607	208800	605379	1286148	2198296	4393020	10071672	14893	104607	208800	605379	1286148	2198296	4393020	10071672	14893	104607	208800	605379	1286148	2198296	4393020	10071672
15766	111213	213680	602171	1284209	2269504	4635234	10447317	15766	111213	213680	602171	1284209	2269504	4635234	10447317	15766	111213	213680	602171	1284209	2269504	4635234	10447317	15766	111213	213680	602171	1284209	2269504	4635234	10447317	15766	111213	213680	602171	1284209	2269504	4635234	10447317
16028	112817	219459	640111	1380285	2419830	4802139	10420994	16028	112817	219459	640111	1380285	2419830	4802139	10420994	16028	112817	219459	640111	1380285	2419830	4802139	10420994	16028	112817	219459	640111	1380285	2419830	4802139	10420994	16028	112817	219459	640111	1380285	2419830	4802139	10420994
24126	134107	284468	846580	1688260	2017803	3841645	7831518	24126	134107	284468	846580	1688260	2017803	3841645	7831518	24126	134107	284468	846580	1688260	2017803	3841645	7831518	24126	134107	284468	846580	1688260	2017803	3841645	7831518	24126	134107	284468	846580	1688260	2017803	3841645	7831518
14074	104320	204345	636769	1417320	2438772	4834238	10466656	14074	104320	204345	636769	1417320	2438772	4834238	10466656	14074	104320	204345	636769	1417320	2438772	4834238	10466656	14074	104320	204345	636769	1417320	2438772	4834238	10466656	14074	104320	204345	636769	1417320	2438772	4834238	10466656
12994	114756	227355	721150	1540266	2616692	5372001	11148243	12994	114756	227355	721150	1540266	2616692	5372001	11148243	12994	114756	227355	721150	1540266	2616692	5372001	11148243	12994	114756	227355	721150	1540266	2616692	5372001	11148243	12994	114756	227355	721150	1540266	2616692	5372001	11148243
15482	114531	231790	732338	1571222	2671540	5486912	11391856	15482	114531	231790	732338	1571222	2671540	5486912	11391856	15482	114531	231790	732338	1571222	2671540	5486912	11391856	15482	114531	231790	732338	1571222	2671540	5486912	11391856	15482	114531	231790	732338	1571222	2671540	5486912	11391856
13212	97329	191990	578423	1234588	1940170	4274840	8836973	13212	97329	191990	578423	1234588	1940170	4274840	8836973	13212	97329	191990	578423	1234588	1940170	4274840	8836973	13212	97329	191990	578423	1234588	1940170	4274840	8836973	13212	97329	191990	578423	1234588	1940170	4274840	8836973
12493	94124	188634	566783	1240659	1974535	4392971	9628659	12493	94124	188634	566783	1240659	1974535	4392971	9628659	12493	94124	188634	566783	1240659	1974535	4392971	9628659	12493	94124	188634	566783	1240659	1974535	4392971	9628659	12493	94124	188634	566783	1240659	1974535	4392971	9628659
15669	105295	211488	574813	1142886	1933489	4144597	9232749	15669	105295	211488	574813	1142886	1933489	4144597	9232749	15669	105295	211488	574813	1142886	1933489	4144597	9232749	15669	105295	211488	574813	1142886	1933489	4144597	9232749	15669	105295	211488	574813	1142886	1933489	4144597	9232749
21867	141132	281126	725685	1437823	2565189	5251462	11225523	21867	141132	281126	725685	1437823	2565189	5251462	11225523	21867	141132	281126	725685	1437823	2565189	5251462	11225523	21867	141132	281126	725685	1437823	2565189	5251462	11225523	21867	141132	281126	725685	1437823	2565189	5251462	11225523
23830	163307	528610	1010340	1967681	2831101	6997292	13926886	23830	163307	528610	1010340	1967681	2831101	6997292	13926886	23830	163307	528610	1010340	1967681	2831101	6997292	13926886	23830	163307	528610	1010340	1967681	2831101	6997292	13926886	23830	163307	528610	1010340	1967681	2831101	6997292	13926886
25884	218999	860073	1278827	2499134	3225966	8806935	14796458	25884	218999	860073	1278827	2499134	3225966	8806935	14796458	25884	218999	860073	1278827	2499134	3225966	8806935	14796458	25884	218999	860073	1278827	2499134	3225966	8806935	14796458	25884	218999	860073	1278827	2499134	3225966	8806935	14796458
27126	207220	1034347	1288056	2753007	3737644	7804990	12036484	27126	207220	1034347	1288056	2753007	3737644	7804990	12036484	27126	207220	1034347	1288056	2753007	3737644	7804990	12036484	27126	207220	1034347	1288056	2753007	3737644	7804990	12036484	27126	207220	1034347	1288056	2753007	3737644	7804990	12036484
33116	155577	309661	856338	1789750	2245085	4193931	8836447	33116	155577	309661	856338	1789750	2245085	4193931	8836447	33116	155577	309661	856338	1789750	2245085	4193931	8836447	33116	155577	309661	856338	1789750	2245085	4193931	8836447	33116	155577	309661	856338	1789750	2245085	4193931	8836447
29777	215848	1024222	1320117	2426920	3182531	6349325	8684933	29777	215848	1024222	1320117	2426920	3182531	6349325	8684933	29777	215848	1024222	1320117	2426920	3182531	6349325	8684933	29777	215848	1024222	1320117	2426920	3182531	6349325	8684933	29777	215848	1024222	1320117	2426920	3182531	6349325	8684933
26762	210943	998181	1351581	2487042	3124147	6259195	9005980	26762	210943	998181	1351581	2487042	3124147	6259195	9005980	26762	210943	998181	1351581	2487042	3124147	6259195	9005980	26762	210943	998181	1351581	2487042	3124147	6259195	9005980	26762	210943	998181	1351581	2487042	3124147	6259195	9005980
28974	281328	1017851	1425853	2548034	3313173	6444086	9339512	28974	281328	1017851	1425853	2548034	3313173	6444086	9339512	28974	281328	1017851	1425853	2548034	3313173	6444086	9339512	28974	281328	1017851	1425853	2548034	3313173	6444086	9339512	28974	281328	1017851	1425853	2548034	3313173	6444086	9339512
27155	215795	972546	1411328	2491623	3252716	6224964	8890615	27155	215795	972546	1411328	2491623	3252716	6224964	8890615	27155	215795	972546	1411328	2491623	3252716	6224964	8890615	27155	215795	972546	1411328	2491623	3252716	6224964	8890615	27155	215795	972546	1411328	2491623	3252716	6224964	8890615
26722	325565	1024322	1636391	2692004	3376119	6541473	9798806	26722	325565	1024322	1636391	2692004	3376119	6541473	9798806	26722	325565	1024322	1636391	2692004	3376119	6541473	9798806	26722	325565	1024322	1636391	2692004	3376119	6541473	9798806	26722	325565	1024322	1636391	2692004	3376119	6541473	9798806
29703	250599	1000105	1574198	2972326	3871630	8092335	13641819	29703	250599	1000105	1574198	2972326	3871630	8092335	13641819	29703	250599	1000105	1574198	2972326	3871630	8092335	13641819	29703	250599	1000105	1574198	2972326	3871630	8092335	13641819	29703	250599	1000105	1574198	2972326	3871630	8092335	13641819
41079	295223	723448	1739121	3073685	4558780	9530112	16918585	41079	295223	723448	1739121	3073685	4558780	9530112	16918585	41079	295223	723448	1739121	3073685	4558780	9530112	16918585	41079	295223	723448	1739121	3073685	4558780	9530112	16918585	41079	295223	723448	1739121	3073685	4558780	9530112	16918585
42260	314054	599155	1901548	3296253	4950449	9847939	19032495	42260	314054	599155	1901548	3296253	4950449	9847939	19032495	42260	314054	599155	1901548	3296253	4950449	9847939	19032495	42260	314054	599155	1901548	3296253	4950449	9847939	19032495	42260	314054	599155	1901548	3296253	4950449	9847939	19032495
39694	332155	894017	1914941	3426978	4980535	10375314	19319445	39694	332155	894017	1914941	3426978	4980535	10375314	19319445	39694	332155	894017	1914941	3426978	4980535	10375314	19319445	39694	332155	894017	1914941	3426978	4980535	10375314	19319445	39694	332155	894017	1914941	3426978	4980535	10375314	19319445
29114	273524	900141	1849235	3306153	4620133	10647405	19799031	29114	273524	900141	1849235	3306153	4620133	10647405	19799031	29114	273524	900141	1849235	3306153	4620133	10647405	19799031	29114	273524	900141	1849235	3306153	4620133	10647405	19799031	29114	273524	900141	1849235	3306153	4620133	10647405	19799031
13126	51327	108640	241812	496604	773308	1795422	6797338	13126	51327	108640	241812	496604	773308	1795422	6797338	13126	51327	108640	241812	496604	773308	1795422	6797338	13126	51327	108640	241812	496604	773308	1795422	6797338	13126	51327	108640	241812	496604	773308	1795422	6797338
23931	219135	734688	1664789	3006962	4217690	9101466	17690968	23931	219135	734688	1664789	3006962	4217690	9101466	17690968	23931	219135	734688	1664789	3006962	4217690	9101466	17690968	23931	219135	734688	1664789	3006962	4217690	9101466	17690968	23931	219135	734688	1664789	3006962	4217690	9101466	17690968
19068	184322	498331	1437632	2473750	3282721	7058967	15217989	19068	184322	498331	1437632	2473750	3282721	7058967	15217989	19068	184322	498331	1437632	2473750	3282721	7058967	15217989	19068	184322	498331	1437632	2473750	3282721	7058967	15217989	19068	184322	498331	1437632	2473750	3282721	7058967	15217989
14137	139565	291363	1060329	1928526	2673896	5502768	12440246	14137	139565	291363	1060329	1928526	2673896	5502768	12440246	14137	139565	291363	1060329	1928526	2673896	5502768	12440246	14137	139565	291363	1060329	1928526	2673896	5502768	12440246	14137	139565	291363	1060329	1928526	2673896	5502768	12440246
10592	102133	173119	807714	1439076	2194516	4432773	10667471	10592	102133	173119	807714	1439076	2194516	4432773	10667471	10592	102133	173119	807714	1439076	2194516	4432773	10667471	10592	102133	173119	807714	1439076	2194516	4432773	10667471	10592	102133	173119	807714	1439076	2194516	4432773	10667471
10602	86922	144233	720165	1355118	2233772	4201003	10640207	10602	86922	144233	720165	1355118	2233772	4201003	10640207	10602	86922	144233	720165	1355118	2233772	4201003	10640207	10602	86922	144233	720165	1355118	2233772	4201003	10640207	10602	86922	144233	720165	1355118	2233772	4201003	10640207
12213	72312	95932	390341	663287	1116248	2103504	6274225	12213	72312	95932	390341	663287	1116248	2103504	6274225	12213	72312	95932	390341	663287	1116248	2103504	6274225	12213	72312	95932	390341	663287	1116248	2103504	6274225	12213	72312	95932	390341	663287	1116248	2103504	6274225
13887	88806	116929	447721	778285	1320974	2392906	6630858	13887	88806	116929	447721	778285	1320974	2392906	6630858	13887	88806	116929	447721	778285	1320974	2392906	6630858	13887	88806	116929	447721	778285	1320974	2392906	6630858	13887	88806	116929	447721	778285	1320974	2392906	6630858
10576	72749	103109	381530	669519	1151075	2207884	6241945	10576	72749	103109	381530	669519	1151075	2207884	6241945	10576	72749	103109	381530	669519	1151075	2207884	6241945	10576	72749	103109	381530	669519	1151075	2207884	6241945	10576	72749	103109	381530	669519	1151075	2207884	6241945
12022	66807	112136	346437	618691	1049725	2010010	5777632	12022	66807	112136	346437	618691	1049725	2010010	5777632	12022	66807	112136	346437	618691	1049725	2010010	5777632	12022	66807	112136	346437	618691	1049725	2010010	5777632	12022	66807	112136	346437	618691	1049725	2010010	5777632
9337	44496	59402	251724	478801	808710	1682558	5065951	9337	44496	59402	251724	478801	808710	1682558	5065951	9337	44496	59402	251724	478801	808710	1682558	5065951	9337	44496	59402	251724	478801	808710	1682558	5065951	9337	44496	59402	251724	478801	808710	1682558	5065951
12209	42409	78039	189563	430274	721363	1808995	6685167	12209	42409	78039	189563	430274	721363	1808995	6685167	12209	42409	78039	189563	430274	721363	1808995	6685167	12209	42409	78039	189563	430274	721363	1808995	6685167	12209	42409	78039	189563	430274	721363	1808995	6685167
5778	21183	23211	95952	173427	268850	705845	3403462	5778	21183	23211	95952	173427	268850	705845	3403462	5778	21183	23211	95952	173427	268850	705845	3403462	5778	21183	23211	95952	173427	268850	705845	3403462	5778	21183	23211	95952	173427	268850	705845	3403462
13555	60239	69922	268981	474769	774240	1707830	6928429	13555	60239	69922	268981	474769	774240	1707830	6928429	13555	60239	69922	268981	474769	774240	1707830	6928429	13555	60239	69922	268981	474769	774240	1707830	6928429	13555	60239	69922	268981	474769	774240	1707830	6928429
10370	49977	53581	213659	391103	642413	1468546	6417646	10370	49977	53581	213659	391103	642413	1468546	6417646	10370	49977	53581	213659	391103	642413	1468546	6417646	10370	49977	53581	213659	391103	642413	1468546	6417646	10370	49977	53581	213659	391103	642413	1468546	6417646
7416	32508	35292	159806	302313	493784	1260550	5952476	7416	32508	35292	159806	302313	493784	1260550	5952476	7416	32508	35292	159806	302313	493784	1260550	5952476	7416	32508	35292	159806	302313	493784	1260550	5952476	7416	32508	35292	159806	302313	493784	1260550	5952476
13057	60873	65338	250819	465833	738601	1662238	6444537	13057	60873	65338	250819	465833	738601	1662238	6444537	13057	60873	65338	250819	465833	738601	1662238	6444537	13057	60873	65338	250819	465833	738601	1662238	6444537	13057	60873	65338	250819	465833	738601	1662238	6444537
13666	59175	66769	261396	484711	768931	1704956	6380325	13666	59175	66769	261396	484711	768931	1704956	6380325	13666	59175	66769	261396	484711	768931	1704956	6380325	13666	59175	66769	261396	484711	768931	1704956	6380325	13666	59175	66769	261396	484711	768931	1704956	6380325
14516	66341	68354	267008	493109	784130	1719833	6290241	14516	66341	68354	267008	493109	784130	1719833	6290241	14516	66341	68354	267008	493109	784130	1719833	6290241	14516	66341	68354	267008	493109	784130	1719833	6290241	14516	66341	68354	267008	493109	784130	1719833	6290241
20214	82715	80035	305253	559342	867625	1817084	5907068	20214	82715	80035	305253	559342	867625	1817084	5907068	20214	82715	80035	305253	559342	867625	1817084	5907068	20214	82715	80035	305253	559342	867625	1817084	5907068	20214	82715	80035	305253	559342	867625	1817084	5907068
8170	27690	19395	76099	125269	193492	364095	876481	8170	27690	19395	76099	125269	193492	364095	876481	8170	27690	19395	76099	125269	193492	364095	876481	8170	27690	19395	76099	125269	193492	364095	876481	8170	27690	19395	76099	125269	193492	364095	876481
19358	117959	277200	719626	1628200	2996496	5406484	9881661	19358	117959	277200	719626	1628200	2996496	5406484	9881661	19358	117959	277200	719626	1628200	2996496	5406484	9881661	19358	117959	277200	719626	1628200	2996496	5406484	9881661	19358	117959	277200	719626	1628200	2996496	5406484	9881661
16271	57825	106661	278411	625821	1057894	2543612	7680560	16271	57825	106661	278411	625821	1057894	2543612	7680560	16271	57825	106661	278411	625821	1057894	2543612	7680560	16271	57825	106661	278411	625821	1057894	2543612	7680560	16271	57825	106661	278411	625821	1057894	2543612	7680560
22003	81858	153417	374109	800176	1357445	2915621	7775991	22003	81858	153417	374109	800176	1357445	2915621	7775991	22003	81858	153417	374109	800176	1357445	2915621	7775991	22003	81858	153417	374109	800176	1357445	2915621	7775991	22003	81858	153417	374109	800176	1357445	2915621	7775991
24903	86282	156820	367739	740217	1166797	2305321	5702217	24903	86282	156820	367739	740217	1166797	2305321	5702217	24903	86282	156820	367739	740217	1166797	2305321	5702217	24903	86282	156820	367739	740217	1166797	2305321	5702217	24903	86282	156820	367739	740217	1166797	2305321	5702217
30968	116262	206304	523091	1046437	1656224	3576880	8565324	30968	116262	206304	523091	1046437	1656224	3576880	8565324	30968	116262	206304	523091	1046437	1656224	3576880	8565324	30968	116262	206304	523091	1046437	1656224	3576880	8565324	30968	116262	206304	523091	1046437	1656224	3576880	8565324
29493	104567	182455	443531	904868	1470288	3231690	7978621	29493	104567	182455	443531	904868	1470288	3231690	7978621	29493	104567	182455	443531	904868	1470288	3231690	7978621	29493	104567	182455	443531	904868	1470288	3231690	7978621	29493	104567	182455	443531	904868	1470288	3231690	7978621
16919	64700	122023	279074	583112	1003571	2029605	5587809	16919	64700	122023	279074	583112	1003571	2029605	5587809	16919	64700	122023	279074	583112	1003571	2029605	5587809	16919	64700	122023	279074	583112	1003571	2029605	5587809	16919	64700	122023	279074	583112	1003571	2029605	5587809
19163	67278	122245	286576	597705	1053190	2145018	5909307	19163	67278	122245	286576	597705	1053190	2145018	5909307	19163	67278	122245	286576	597705	1053190	2145018	5909307	19163	67278	122245	286576	597705	1053190	2145018	5909307	19163	67278	122245	286576	597705	1053190	2145018	5909307
36604	153580	270850	664750	1285002	2028180	4304079	9749069	36604	153580	270850	664750	1285002	2028180	4304079	9749069	36604	153580	270850	664750	1285002	2028180	4304079	9749069	36604	153580	270850	664750	1285002	2028180	4304079	9749069	36604	153580	270850	664750	1285002	2028180	4304079	9749069
38988	226249	420292	1101408	2089309	3114461	6108035	12252620	38988	226249	420292	1101408	2089309	3114461	6108035	12252620	38988	226249	420292	1101408	2089309	3114461	6108035	12252620	38988	226249	420292	1101408	2089309	3114461	6108035	12252620	38988	226249	420292	1101408	2089309	3114461	6108035	12252620
42898	236589	444676	1095319	2238598	3382763	6654387	13126662	42898	236589	444676	1095319	2238598	3382763	6654387	13126662	42898	236589	444676	1095319	2238598	3382763	6654387	13126662	42898	236589	444676	1095319	2238598	3382763	6654387	13126662	42898	236589	444676	1095319	2238598	3382763	6654387	13126662
23239	140698	317209	937652	2021069	4076256	6780963	12714969	23239	140698	317209	937652	2021069	4076256	6780963	12714969	23239	140698	317209	937652	2021069	4076256	6780963	12714969	23239	140698	317209	937652	2021069	4076256	6780963	12714969	23239	140698	317209	937652	2021069	4076256	6780963	12714969
22834	113412	201226	539238	1014935	1474172	3293136	8845295	22834	113412	201226	539238	1014935	1474172	3293136	8845295	22834	113412	201226	539238	1014935	1474172	3293136	8845295	22834	113412	201226	539238	1014935	1474172	3293136	8845295	22834	113412	201226	539238	1014935	1474172	3293136	8845295
21560	110273	176807	440345	836498	1188076	2760369	7290226	21560	110273	176807	440345	836498	1188076	2760369	7290226	21560	110273	176807	440345	836498	1188076	2760369	7290226	21560	110273	176807	440345	836498	1188076	2760369	7290226	21560	110273	176807	440345	836498	1188076	2760369	7290226
12695	46117	81092	184125	372037	578014	1512257	4852706	12695	46117	81092	184125	372037	578014	1512257	4852706	12695	46117	81092	184125	372037	578014	1512257	4852706	12695	46117	81092	184125	372037	578014	1512257	4852706	12695	46117	81092	184125	372037	578014	1512257	4852706
18808	69988	121317	276850	550370	848189	2050774	5912803	18808	69988	121317	276850	550370	848189	2050774	5912803	18808	69988	121317	276850	550370	848189	2050774	5912803	18808	69988	121317	276850	550370	848189	2050774	5912803	18808	69988	121317	276850	550370	848189	2050774	5912803
19172	71175	135294	304480	574826	896502	1948506	5528283	19172	71175	135294	304480	574826	896502	1948506	5528283	19172	71175	135294	304480	574826	896502	1948506	5528283	19172	71175	135294	304480	574826	896502	1948506	5528283	19172	71175	135294	304480	574826	896502	1948506	5528283
20065	94949	189552	466614	859905	1325133	2736664	7020427	20065	94949	189552	466614	859905	1325133	2736664	7020427	20065	94949	189552	466614	859905	1325133	2736664	7020427	20065	94949	189552	466614	859905	1325133	2736664	7020427	20065	94949	189552	466614	859905	1325133	2736664	7020427
12282	44486	79457	183858	374171	584686	1559487	4965979	12282	44486	79457	183858	374171	584686	1559487	4965979	12282	44486	79457	183858	374171	584686	1559487	4965979	12282	44486	79457	183858	374171	584686	1559487	4965979	12282	44486	79457	183858	374171	584686	1559487	4965979
16498	61029	106916	248651	488123	764741	1911278	5674688	16498	61029	106916	248651	488123	764741	1911278	5674688	16498	61029	106916	248651	488123	764741	1911278	5674688	16498	61029	106916	248651	488123	764741	1911278	5674688	16498	61029	106916	248651	488123	764741	1911278	5674688
18166	70424	121967	279315	548134	836227	2046744	5937653	18166	70424	121967	279315	548134	836227	2046744	5937653	18166	70424	121967	279315	548134	836227	2046744	5937653	18166	70424	121967	279315	548134	836227	2046744	5937653	18166	70424	121967	279315	548134	836227	2046744	5937653
19419	73325	134522	296900	597896	1028246	2115860	5932815	19419	73325	134522	296900	597896	1028246	2115860	5932815	19419	73325	134522	296900	597896	1028246	2115860	5932815	19419	73325	134522	296900	597896	1028246	2115860	5932815	19419	73325	134522	296900	597896	1028246	2115860	5932815
30030	162814	344049	922363	2139745	4059523	6409113	12224754	30030	162814	344049	922363	2139745	4059523	6409113	12224754	30030	162814	344049	922363	2139745	4059523	6409113	12224754	30030	162814	344049	922363	2139745	4059523	6409113	12224754	30030	162814	344049	922363	2139745	4059523	6409113	12224754
24774	93417	164139	385165	804860	1422924	2807570	6961636	24774	93417	164139	385165	804860	1422924	2807570	6961636	24774	93417	164139	385165	804860	1422924	2807570	6961636	24774	93417	164139	385165	804860	1422924	2807570	6961636	24774	93417	164139	385165	804860	1422924	2807570	6961636
21835	82788	144289	328099	687735	1239760	2271974	5067423	21835	82788	144289	328099	687735	1239760	2271974	5067423	21835	82788	144289	328099	687735	1239760	2271974	5067423	21835	82788	144289	328099	687735	1239760	2271974	5067423	21835	82788	144289	328099	687735	1239760	2271974	5067423
20479	75369	129474	313050	651820	1018151	2714588	7829636	20479	75369	129474	313050	651820	1018151	2714588	7829636	20479	75369	129474	313050	651820	1018151	2714588	7829636	20479	75369	129474	313050	651820	1018151	2714588	7829636	20479	75369	129474	313050	651820	1018151	2714588	7829636
20017	72966	125469	299989	626482	981149	2676696	7710773	20017	72966	125469	299989	626482	981149	2676696	7710773	20017	72966	125469	299989	626482	981149	2676696	7710773	20017	72966	125469	299989	626482	981149	2676696	7710773	20017	72966	125469	299989	626482	981149	2676696	7710773
18251	69082	118108	290585	601262	933279	2540433	7291996	18251	69082	118108	290585	601262	933279	2540433	7291996	18251	69082	118108	290585	601262	933279	2540433	7291996	18251	69082	118108	290585	601262	933279	2540433	7291996	18251	69082	118108	290585	601262	933279	2540433	7291996
18208	70041	121525	295406	613969	953664	2628295	7438763	18208	70041	121525	295406	613969	953664	2628295	7438763	18208	70041	121525	295406	613969	953664	2628295	7438763	18208	70041	121525	295406	613969	953664	2628295	7438763	18208	70041	121525	295406	613969	953664	2628295	7438763
29247	113504	208069	492999	1030774	1669817	3625832	8504775	29247	113504	208069	492999	1030774	1669817	3625832	8504775	29247	113504	208069	492999	1030774	1669817	3625832	8504775	29247	113504	208069	492999	1030774	1669817	3625832	8504775	29247	113504	208069	492999	1030774	1669817	3625832	8504775
23884	97926	179725	429838	884750	1449707	3022402	7162010	23884	97926	179725	429838	884750	1449707	3022402	7162010	23884	97926	179725	429838	884750	1449707	3022402	7162010	23884	97926	179725	429838	884750	1449707	3022402	7162010	23884	97926	179725	429838	884750	1449707	3022402	7162010
28110	130085	221612	566591	1182911	1945815	3935500	8701656	28110	130085	221612	566591	1182911	1945815	3935500	8701656	28110	130085	221612	566591	1182911	1945815	3935500	8701656	28110	130085	221612	566591	1182911	1945815	3935500	8701656	28110	130085	221612	566591	1182911	1945815	3935500	8701656
35713	167809	303837	860941	1857849	3316106	6755631	13927949	35713	167809	303837	860941	1857849	3316106	6755631	13927949	35713	167809	303837	860941	1857849	3316106	6755631	13927949	35713	167809	303837	860941	1857849	3316106	6755631	13927949	35713	167809	303837	860941	1857849	3316106	6755631	13927949
41680	321141	660087	1925781	2070858	3253557	6055722	11495150	41680	321141	660087	1925781	2070858	3253557	6055722	11495150	41680	321141	660087	1925781	2070858	3253557	6055722	11495150	41680	321141	660087	1925781	2070858	3253557	6055722	11495150	41680	321141	660087	1925781	2070858	3253557	6055722	11495150
31459	132236	235310	600424	1231095	2098165	4594564	9794273	31459	132236	235310	600424	1231095	2098165	4594564	9794273	31459	132236	235310	600424	1231095	2098165	4594564	9794273	31459	132236	235310	600424	1231095	2098165	4594564	9794273	31459	132236	235310	600424	1231095	2098165	4594564	9794273
30681	121142	214939	504733	998667	1500810	3227639	7056349	30681	121142	214939	504733	998667	1500810	3227639	7056349	30681	121142	214939	504733	998667	1500810	3227639	7056349	30681	121142	214939	504733	998667	1500810	3227639	7056349	30681	121142	214939	504733	998667	1500810	3227639	7056349
17585	69959	128193	340080	752351	1186612	2964170	6814542	17585	69959	128193	340080	752351	1186612	2964170	6814542	17585	69959	128193	340080	752351	1186612	2964170	6814542	17585	69959	128193	340080	752351	1186612	2964170	6814542	17585	69959	128193	340080	752351	1186612	2964170	6814542
29274	119944	213940	547682	1131037	1742339	3697724	7784957	29274	119944	213940	547682	1131037	1742339	3697724	7784957	29274	119944	213940	547682	1131037	1742339	3697724	7784957	29274	119944	213940	547682	1131037	1742339	3697724	7784957	29274	119944	213940	547682	1131037	1742339	3697724	7784957
20811	83600	154040	383415	810192	1253212	2757524	6039875	20811	83600	154040	383415	810192	1253212	2757524	6039875	20811	83600	154040	383415	810192	1253212	2757524	6039875	20811	83600	154040	383415	810192	1253212	2757524	6039875	20811	83600	154040	383415	810192	1253212	2757524	6039875
23437	93671	168548	418944	885930	1382567	2975856	6431608	23437	93671	168548	418944	885930	1382567	2975856	6431608	23437	93671	168548	418944	885930	1382567	2975856	6431608	23437	93671	168548	418944	885930	1382567	2975856	6431608	23437	93671	168548	418944	885930	1382567	2975856	6431608
24926	95770	178737	440157	902912	1389404	2980718	6400993	24926	95770	178737	440157	902912	1389404	2980718	6400993	24926	95770	178737	440157	902912	1389404	2980718	6400993	24926	95770	178737	440157	902912	1389404	2980718	6400993	24926	95770	178737	440157	902912	1389404	2980718	6400993
28252	108104	202159	498701	1025188	1572069	3271450	6877700	28252	108104	202159	498701	1025188	1572069	3271450	6877700	28252	108104	202159	498701	1025188	1572069	3271450	6877700	28252	108104	202159	498701	1025188	1572069	3271450	6877700	28252	108104	202159	498701	1025188	1572069	3271450	6877700
24121	99619	182105	452921	938201	1448995	3056047	6519185	24121	99619	182105	452921	938201	1448995	3056047	6519185	24121	99619	182105	452921	938201	1448995	3056047	6519185	24121	99619	182105	452921	938201	1448995	3056047	6519185	24121	99619	182105	452921	938201	1448995	3056047	6519185
29114	119180	220021	520658	1058291	1618258	3334281	6990168	29114	119180	220021	520658	1058291	1618258	3334281	6990168	29114	119180	220021	520658	1058291	1618258	3334281	6990168	29114	119180	220021	520658	1058291	1618258	3334281	6990168	29114	119180	220021	520658	1058291	1618258	3334281	6990168
34445	241734	491184	1366887	1774233	2713170	5194455	10488931	34445	241734	491184	1366887	1774233	2713170	5194455	10488931	34445	241734	491184	1366887	1774233	2713170	5194455	10488931	34445	241734	491184	1366887	1774233	2713170	5194455	10488931	34445	241734	491184	1366887	1774233	2713170	5194455	10488931
26181	101591	186236	464066	960957	1478678	3144518	6807505	26181	101591	186236	464066	960957	1478678	3144518	6807505	26181	101591	186236	464066	960957	1478678	3144518	6807505	26181	101591	186236	464066	960957	1478678	3144518	6807505	26181	101591	186236	464066	960957	1478678	3144518	6807505
36405	135483	240605	571330	1154388	1854166	3814700	8306577	36405	135483	240605	571330	1154388	1854166	3814700	8306577	36405	135483	240605	571330	1154388	1854166	3814700	8306577	36405	135483	240605	571330	1154388	1854166	3814700	8306577	36405	135483	240605	571330	1154388	1854166	3814700	8306577
18699	74616	142355	351071	737696	1143173	2484985	5510586	18699	74616	142355	351071	737696	1143173	2484985	5510586	18699	74616	142355	351071	737696	1143173	2484985	5510586	18699	74616	142355	351071	737696	1143173	2484985	5510586	18699	74616	142355	351071	737696	1143173	2484985	5510586
22058	93786	186092	453212	985262	1638256	3247540	6354684	22058	93786	186092	453212	985262	1638256	3247540	6354684	22058	93786	186092	453212	985262	1638256	3247540	6354684	22058	93786	186092	453212	985262	1638256	3247540	6354684	22058	93786	186092	453212	985262	1638256	3247540	6354684
25959	105293	205178	477449	1010809	1721781	3066374	5955347	25959	105293	205178	477449	1010809	1721781	3066374	5955347	25959	105293	205178	477449	1010809	1721781	3066374	5955347	25959	105293	205178	477449	1010809	1721781	3066374	5955347	25959	105293	205178	477449	1010809	1721781	3066374	5955347
32783	117831	202888	482827	924962	1395886	2929416	6129258	32783	117831	202888	482827	924962	1395886	2929416	6129258	32783	117831	202888	482827	924962	1395886	2929416	6129258	32783	117831	202888	482827	924962	1395886	2929416	6129258	32783	117831	202888	482827	924962	1395886	2929416	6129258
38972	151742	254886	627203	1274849	2001000	4028324	8101272	38972	151742	254886	627203	1274849	2001000	4028324	8101272	38972	151742	254886	627203	1274849	2001000	4028324	8101272	38972	151742	254886	627203	1274849	2001000	4028324	8101272	38972	151742	254886	627203	1274849	2001000	4028324	8101272
24898	92275	162198	390520	806438	1307462	2698667	5834243	24898	92275	162198	390520	806438	1307462	2698667	5834243	24898	92275	162198	390520	806438	1307462	2698667	5834243	24898	92275	162198	390520	806438	1307462	2698667	5834243	24898	92275	162198	390520	806438	1307462	2698667	5834243
15210	55090	103591	247461	543096	924946	2241987	5928634	15210	55090	103591	247461	543096	924946	2241987	5928634	15210	55090	103591	247461	543096	924946	2241987	5928634	15210	55090	103591	247461	543096	924946	2241987	5928634	15210	55090	103591	247461	543096	924946	2241987	5928634
18752	70272	129914	315745	680109	1148076	2633869	6686246	18752	70272	129914	315745	680109	1148076	2633869	6686246	18752	70272	129914	315745	680109	1148076	2633869	6686246	18752	70272	129914	315745	680109	1148076	2633869	6686246	18752	70272	129914	315745	680109	1148076	2633869	6686246
16076	61444	114190	305243	665610	969079	2162335	6161307	16076	61444	114190	305243	665610	969079	2162335	6161307	16076	61444	114190	305243	665610	969079	2162335	6161307	16076	61444	114190	305243	665610	969079	2162335	6161307	16076	61444	114190	305243	665610	969079	2162335	6161307
28752	115920	208821	516343	1071562	1746247	3514521	7528494	28752	115920	208821	516343	1071562	1746247	3514521	7528494	28752	115920	208821	516343	1071562	1746247	3514521	7528494	28752	115920	208821	516343	1071562	1746247	3514521	7528494	28752	115920	208821	516343	1071562	1746247	3514521	7528494
32796	131189	227937	544017	1151577	1814324	3980778	9130337	32796	131189	227937	544017	1151577	1814324	3980778	9130337	32796	131189	227937	544017	1151577	1814324	3980778	9130337	32796	131189	227937	544017	1151577	1814324	3980778	9130337	32796	131189	227937	544017	1151577	1814324	3980778	9130337
29124	114328	198934	493495	1001551	1612850	3247045	6791884	29124	114328	198934	493495	1001551	1612850	3247045	6791884	29124	114328	198934	493495	1001551	1612850	3247045	6791884	29124	114328	198934	493495	1001551	1612850	3247045	6791884	29124	114328	198934	493495	1001551	1612850	3247045	6791884
16527	61022	110900	280988	632693	1103414	2772756	7940741	16527	61022	110900	280988	632693	1103414	2772756	7940741	16527	61022	110900	280988	632693	1103414	2772756	7940741	16527	61022	110900	280988	632693	1103414	2772756	7940741	16527	61022	110900	280988	632693	1103414	2772756	7940741
29226	115477	202793	501314	1051816	1729075	3547124	7822720	29226	115477	202793	501314	1051816	1729075	3547124	7822720	29226	115477	202793	501314	1051816	1729075	3547124	7822720	29226	115477	202793	501314	1051816	1729075	3547124	7822720	29226	115477	202793	501314	1051816	1729075	3547124	7822720
12176	39689	66119	153193	340382	561154	1882877	6718735	12176	39689	66119	153193	340382	561154	1882877	6718735	12176	39689	66119	153193	340382	561154	1882877	6718735	12176	39689	66119	153193	340382	561154	1882877	6718735	12176	39689	66119	153193	340382	561154	1882877	6718735
14005	47704	84905	212261	477424	855795	2398677	7704721	14005	47704	84905	212261	477424	855795	2398677	7704721	14005	47704	84905	212261	477424	855795	2398677	7704721	14005	47704	84905	212261	477424	855795	2398677	7704721	14005	47704	84905	212261	477424	855795	2398677	7704721
18566	67361	119635	323409	762917	1365050	3407180	9241913	18566	67361	119635	323409	762917	1365050	3407180	9241913	18566	67361	119635	323409	762917	1365050	3407180	9241913	18566	67361	119635	323409	762917	1365050	3407180	9241913	18566	67361	119635	323409	762917	1365050	3407180	9241913
40469	161686	280963	690287	1392953	2236248	4386143	8858413	40469	161686	280963	690287	1392953	2236248	4386143	8858413	40469	161686	280963	690287	1392953	2236248	4386143	8858413	40469	161686	280963	690287	1392953	2236248	4386143	8858413	40469	161686	280963	690287	1392953	2236248	4386143	8858413
20098	77908	143704	377849	863788	1581816	3719448	9239464	20098	77908	143704	377849	863788	1581816	3719448	9239464	20098	77908	143704	377849	863788	1581816	3719448	9239464	20098	77908	143704	377849	863788	1581816	3719448	9239464	20098	77908	143704	377849	863788	1581816	3719448	9239464
13195	51213	94456	248087	535113	797864	1813763	5499307	13195	51213	94456	248087	535113	797864	1813763	5499307	13195	51213	94456	248087	535113	797864	1813763	5499307	13195	51213	94456	248087	535113	797864	1813763	5499307	13195	51213	94456	248087	535113	797864	1813763	5499307
38747	152757	265179	651575	1333259	2113568	4329394	8889619	38747	152757	265179	651575	1333259	2113568	4329394	8889619	38747	152757	265179	651575	1333259	2113568	4329394	8889619	38747	152757	265179	651575	1333259	2113568	4329394	8889619	38747	152757	265179	651575	1333259	2113568	4329394	8889619
40648	157869	271036	658062	1316650	1996205	4002429	8039575	40648	157869	271036	658062	1316650	1996205	4002429	8039575	40648	157869	271036	658062	1316650	1996205	4002429	8039575	40648	157869	271036	658062	1316650	1996205	4002429	8039575	40648	157869	271036	658062	1316650	1996205	4002429	8039575
34440	131553	225783	537768	1073358	1646496	3381331	7016531	34440	131553	225783	537768	1073358	1646496	3381331	7016531	34440	131553	225783	537768	1073358	1646496	3381331	7016531	34440	131553	225783	537768	1073358	1646496	3381331	7016531	34440	131553	225783	537768	1073358	1646496	3381331	7016531
41645	163185	277566	702380	1467484	2430379	5465509	13067867	41645	163185	277566	702380	1467484	2430379	5465509	13067867	41645	163185	277566	702380	1467484	2430379	5465509	13067867	41645	163185	277566	702380	1467484	2430379	5465509	13067867	41645	163185	277566	702380	1467484	2430379	5465509	13067867
26311	103005	182497	473922	1017650	1718631	3928342	9751130	26311	103005	182497	473922	1017650	1718631	3928342	9751130	26311	103005	182497	473922	1017650	1718631	3928342	9751130	26311	103005	182497	473922	1017650	1718631	3928342	9751130	26311	103005	182497	473922	1017650	1718631	3928342	9751130
10989	38694	73729	179461	411871	703638	1861034	5485154	10989	38694	73729	179461	411871	703638	1861034	5485154	10989	38694	73729	179461	411871	703638	1861034	5485154	10989	38694	73729	179461	411871	703638	1861034	5485154	10989	38694	73729	179461	411871	703638	1861034	5485154
40022	165236	298617	795236	1706699	2872077	5900637	12944551	40022	165236	298617	795236	1706699	2872077	5900637	12944551	40022	165236	298617	795236	1706699	2872077	5900637	12944551	40022	165236	298617	795236	1706699	2872077	5900637	12944551	40022	165236	298617	795236	1706699	2872077	5900637	12944551
33722	131950	229864	599453	1268075	2097226	4747821	11193193	33722	131950	229864	599453	1268075	2097226	4747821	11193193	33722	131950	229864	599453	1268075	2097226	4747821	11193193	33722	131950	229864	599453	1268075	2097226	4747821	11193193	33722	131950	229864	599453	1268075	2097226	4747821	11193193
20662	86114	167992	478887	1068814	1772792	3966947	8658111	20662	86114	167992	478887	1068814	1772792	3966947	8658111	20662	86114	167992	478887	1068814	1772792	3966947	8658111	20662	86114	167992	478887	1068814	1772792	3966947	8658111	20662	86114	167992	478887	1068814	1772792	3966947	8658111
22230	84084	146946	368424	778369	1277689	3069571	8092876	22230	84084	146946	368424	778369	1277689	3069571	8092876	22230	84084	146946	368424	778369	1277689	3069571	8092876	22230	84084	146946	368424	778369	1277689	3069571	8092876	22230	84084	146946	368424	778369	1277689	3069571	8092876