Seg,vp,Start,Bffer?,qV0,qV1,qV2,qV3,qV4
0,0,410188,0,0,0,0,0,0
1,0,2410188,0,0,0,0,0,0
2,0,4410188,0,5,0,0,0,0
3,0,6410188,0,5,0,0,0,0
4,2,8410188,0,5,0,0,0,0
5,2,10410188,0,0,0,5,0,0
6,2,12410188,0,0,0,5,0,0
7,2,14410188,0,0,0,5,0,0
8,2,16410188,0,0,0,5,0,0
9,4,18410188,0,0,0,5,0,0
10,4,20410188,0,0,0,0,0,5
11,4,22410188,0,0,0,0,0,5
12,4,24410188,0,0,0,0,0,5
15,0,26410188,0,0,0,0,0,5
14,0,28410188,0,5,0,0,0,0
15,0,30410188,0,5,0,0,0,0
16,0,32410188,0,5,0,0,0,0
17,1,34410188,0,5,0,0,0,0
18,1,36410188,0,0,5,0,0,0
19,0,38410188,0,0,5,0,0,0
20,0,40410188,0,5,0,0,0,0
21,0,42410188,0,5,0,0,0,0
22,0,44410188,0,5,0,0,0,0
23,0,46410188,0,5,0,0,0,0
